,parameter,rmse,model
0,"{'boosting': 'gbdt', 'objective': 'rmse', 'max_depth': 9, 'min_child_weight': 5.0, 'learning_rate': 0.418054768293414, 'num_leaves': 50, 'min_gain_to_split': 5.839593913121771, 'subsample': 0.7539537617233739, 'colsample_bytree': 0.531003419008759, 'colsample_bynode': 0.6517865262266184, 'reg_lambda': 0.44594212646423004, 'reg_alpha': 21.0, 'bagging_freq': 1, 'force_col_wise': True, 'metric': 'rmse', 'verbose': -1}",425.29895477384963,LGB
1,"{'boosting': 'dart', 'objective': 'rmse', 'max_depth': 3, 'min_child_weight': 5.0, 'learning_rate': 0.03312921942352247, 'num_leaves': 90, 'min_gain_to_split': 2.600717700802103, 'subsample': 0.7446446853239489, 'colsample_bytree': 0.8178982341329355, 'colsample_bynode': 0.6320981425389005, 'reg_lambda': 0.06296667480711579, 'reg_alpha': 9.0, 'bagging_freq': 1, 'force_col_wise': True, 'metric': 'rmse', 'verbose': -1}",309.6611890729142,LGB
2,"{'boosting': 'gbdt', 'objective': 'rmse', 'max_depth': 6, 'min_child_weight': 9.0, 'learning_rate': 0.0498500981338402, 'num_leaves': 230, 'min_gain_to_split': 5.623899863490191, 'subsample': 0.7330104726329149, 'colsample_bytree': 0.6370809880656938, 'colsample_bynode': 0.7214187779088683, 'reg_lambda': 0.056279531938811994, 'reg_alpha': 80.0, 'bagging_freq': 1, 'force_col_wise': True, 'metric': 'rmse', 'verbose': -1}",331.69248757796277,LGB
3,"{'boosting': 'dart', 'objective': 'rmse', 'max_depth': 4, 'min_child_weight': 3.0, 'learning_rate': 0.9112189265913119, 'num_leaves': 90, 'min_gain_to_split': 4.934913501871971, 'subsample': 0.7497413448597994, 'colsample_bytree': 0.55444987815825, 'colsample_bynode': 0.6509871839211612, 'reg_lambda': 0.29146448393063734, 'reg_alpha': 20.0, 'bagging_freq': 1, 'force_col_wise': True, 'metric': 'rmse', 'verbose': -1}",331.34991972961313,LGB
4,"{'boosting': 'gbdt', 'objective': 'rmse', 'max_depth': 7, 'min_child_weight': 6.0, 'learning_rate': 0.03195137026277645, 'num_leaves': 160, 'min_gain_to_split': 8.275594353760269, 'subsample': 0.7960677061838493, 'colsample_bytree': 0.6775971602458939, 'colsample_bynode': 0.7630134669100629, 'reg_lambda': 0.48714017997926345, 'reg_alpha': 96.0, 'bagging_freq': 1, 'force_col_wise': True, 'metric': 'rmse', 'verbose': -1}",313.9948275398292,LGB
5,"{'boosting': 'dart', 'objective': 'rmse', 'max_depth': 2, 'min_child_weight': 5.0, 'learning_rate': 0.15678882666045496, 'num_leaves': 100, 'min_gain_to_split': 3.151233000683849, 'subsample': 0.8358831126075253, 'colsample_bytree': 0.8618649013985347, 'colsample_bynode': 0.7460821122448483, 'reg_lambda': 0.5563420754980151, 'reg_alpha': 38.0, 'bagging_freq': 1, 'force_col_wise': True, 'metric': 'rmse', 'verbose': -1}",356.3801888108481,LGB
6,"{'boosting': 'dart', 'objective': 'rmse', 'max_depth': 8, 'min_child_weight': 9.0, 'learning_rate': 0.14254518471659142, 'num_leaves': 110, 'min_gain_to_split': 7.685290456717583, 'subsample': 0.6771359774452615, 'colsample_bytree': 0.694151800363066, 'colsample_bynode': 0.7711384932140513, 'reg_lambda': 0.6389348944880187, 'reg_alpha': 99.0, 'bagging_freq': 1, 'force_col_wise': True, 'metric': 'rmse', 'verbose': -1}",337.69219217894664,LGB
7,"{'boosting': 'dart', 'objective': 'rmse', 'max_depth': 4, 'min_child_weight': 8.0, 'learning_rate': 0.06631100758913622, 'num_leaves': 170, 'min_gain_to_split': 5.5264876857971625, 'subsample': 0.7097870688847677, 'colsample_bytree': 0.7255471283714283, 'colsample_bynode': 0.6256933708565051, 'reg_lambda': 0.19344242286334745, 'reg_alpha': 51.0, 'bagging_freq': 1, 'force_col_wise': True, 'metric': 'rmse', 'verbose': -1}",314.03749548123056,LGB
8,"{'boosting': 'dart', 'objective': 'rmse', 'max_depth': 5, 'min_child_weight': 6.0, 'learning_rate': 0.0737904003885863, 'num_leaves': 100, 'min_gain_to_split': 5.325927628774469, 'subsample': 0.7093321224748226, 'colsample_bytree': 0.6767957279017482, 'colsample_bynode': 0.5447410690910065, 'reg_lambda': 0.4648435642006878, 'reg_alpha': 48.0, 'bagging_freq': 1, 'force_col_wise': True, 'metric': 'rmse', 'verbose': -1}",317.42988001635115,LGB
9,"{'boosting': 'dart', 'objective': 'rmse', 'max_depth': 5, 'min_child_weight': 4.0, 'learning_rate': 0.08676710466662285, 'num_leaves': 60, 'min_gain_to_split': 4.042495704774332, 'subsample': 0.7195040448716783, 'colsample_bytree': 0.8503548655002249, 'colsample_bynode': 0.5981690013727771, 'reg_lambda': 0.14956986063163943, 'reg_alpha': 39.0, 'bagging_freq': 1, 'force_col_wise': True, 'metric': 'rmse', 'verbose': -1}",319.11023804470767,LGB
10,"{'boosting': 'gbdt', 'objective': 'rmse', 'max_depth': 4, 'min_child_weight': 4.0, 'learning_rate': 0.025471397072852144, 'num_leaves': 150, 'min_gain_to_split': 3.7819075728479064, 'subsample': 0.6976105106989183, 'colsample_bytree': 0.8744305927953611, 'colsample_bynode': 0.5593874612236369, 'reg_lambda': 0.27995226249424776, 'reg_alpha': 25.0, 'bagging_freq': 1, 'force_col_wise': True, 'metric': 'rmse', 'verbose': -1}",316.90582367489577,LGB
11,"{'boosting': 'gbdt', 'objective': 'rmse', 'max_depth': 3, 'min_child_weight': 6.0, 'learning_rate': 0.02076761678578467, 'num_leaves': 140, 'min_gain_to_split': 1.423723184215525, 'subsample': 0.7199281152051745, 'colsample_bytree': 0.7503368985956659, 'colsample_bynode': 0.6747269446621518, 'reg_lambda': 0.3732472477467562, 'reg_alpha': 45.0, 'bagging_freq': 1, 'force_col_wise': True, 'metric': 'rmse', 'verbose': -1}",319.02081698171725,LGB
12,"{'boosting': 'dart', 'objective': 'rmse', 'max_depth': 5, 'min_child_weight': 3.0, 'learning_rate': 0.018570721130061234, 'num_leaves': 150, 'min_gain_to_split': 1.3172034014332095, 'subsample': 0.8162531020606156, 'colsample_bytree': 0.8824514883092427, 'colsample_bynode': 0.6041885101857216, 'reg_lambda': 0.08531682149251793, 'reg_alpha': 2.0, 'bagging_freq': 1, 'force_col_wise': True, 'metric': 'rmse', 'verbose': -1}",325.98848476872485,LGB
13,"{'boosting': 'gbdt', 'objective': 'rmse', 'max_depth': 2, 'min_child_weight': 4.0, 'learning_rate': 0.08704263139034771, 'num_leaves': 40, 'min_gain_to_split': 4.256148775796142, 'subsample': 0.6751431116469938, 'colsample_bytree': 0.8510571179483223, 'colsample_bynode': 0.6269530226856022, 'reg_lambda': 0.10234437822809549, 'reg_alpha': 8.0, 'bagging_freq': 1, 'force_col_wise': True, 'metric': 'rmse', 'verbose': -1}",324.8752978959508,LGB
14,"{'boosting': 'dart', 'objective': 'rmse', 'max_depth': 7, 'min_child_weight': 4.0, 'learning_rate': 0.06578871362043676, 'num_leaves': 40, 'min_gain_to_split': 2.0741832617325784, 'subsample': 0.7775179915459196, 'colsample_bytree': 0.8041151696766331, 'colsample_bynode': 0.6739017407211824, 'reg_lambda': 0.1085550229949656, 'reg_alpha': 38.0, 'bagging_freq': 1, 'force_col_wise': True, 'metric': 'rmse', 'verbose': -1}",329.65182175072994,LGB
15,"{'boosting': 'dart', 'objective': 'rmse', 'max_depth': 4, 'min_child_weight': 6.0, 'learning_rate': 0.08098606652440819, 'num_leaves': 120, 'min_gain_to_split': 4.034625160666751, 'subsample': 0.7687164643461953, 'colsample_bytree': 0.8073218311391326, 'colsample_bynode': 0.6723400829040675, 'reg_lambda': 0.2751053048596625, 'reg_alpha': 26.0, 'bagging_freq': 1, 'force_col_wise': True, 'metric': 'rmse', 'verbose': -1}",309.26629615022546,LGB
16,"{'boosting': 'dart', 'objective': 'rmse', 'max_depth': 7, 'min_child_weight': 8.0, 'learning_rate': 0.15082299960157428, 'num_leaves': 80, 'min_gain_to_split': 6.451821273903558, 'subsample': 0.7056021115673092, 'colsample_bytree': 0.7278185530245671, 'colsample_bynode': 0.5377563296750283, 'reg_lambda': 0.4310126674351995, 'reg_alpha': 55.0, 'bagging_freq': 1, 'force_col_wise': True, 'metric': 'rmse', 'verbose': -1}",334.2407802506548,LGB
17,"{'boosting': 'dart', 'objective': 'rmse', 'max_depth': 3, 'min_child_weight': 5.0, 'learning_rate': 0.07956596108956594, 'num_leaves': 170, 'min_gain_to_split': 4.5560033552747505, 'subsample': 0.7502478303708422, 'colsample_bytree': 0.8418397349571242, 'colsample_bynode': 0.7397103262931775, 'reg_lambda': 0.3588304172591464, 'reg_alpha': 36.0, 'bagging_freq': 1, 'force_col_wise': True, 'metric': 'rmse', 'verbose': -1}",310.9363232003346,LGB
18,"{'boosting': 'dart', 'objective': 'rmse', 'max_depth': 4, 'min_child_weight': 7.0, 'learning_rate': 0.040476554523600376, 'num_leaves': 110, 'min_gain_to_split': 2.7336737129890265, 'subsample': 0.7279439310602587, 'colsample_bytree': 0.8521601293463564, 'colsample_bynode': 0.6825320414998267, 'reg_lambda': 0.4110990226861967, 'reg_alpha': 32.0, 'bagging_freq': 1, 'force_col_wise': True, 'metric': 'rmse', 'verbose': -1}",313.91234347355794,LGB
19,"{'boosting': 'dart', 'objective': 'rmse', 'max_depth': 4, 'min_child_weight': 5.0, 'learning_rate': 0.0837788619392322, 'num_leaves': 70, 'min_gain_to_split': 3.6563119846423042, 'subsample': 0.7037118397649758, 'colsample_bytree': 0.8460178544545317, 'colsample_bynode': 0.6619974356304781, 'reg_lambda': 0.23367390491269535, 'reg_alpha': 30.0, 'bagging_freq': 1, 'force_col_wise': True, 'metric': 'rmse', 'verbose': -1}",313.2683378187017,LGB
20,"{'boosting': 'dart', 'objective': 'rmse', 'max_depth': 4, 'min_child_weight': 4.0, 'learning_rate': 0.041616238862694485, 'num_leaves': 70, 'min_gain_to_split': 2.4628539633204403, 'subsample': 0.7848745568410489, 'colsample_bytree': 0.7753572498521617, 'colsample_bynode': 0.6380164271931372, 'reg_lambda': 0.1160399561618215, 'reg_alpha': 24.0, 'bagging_freq': 1, 'force_col_wise': True, 'metric': 'rmse', 'verbose': -1}",311.0832314358763,LGB
21,"{'boosting': 'dart', 'objective': 'rmse', 'max_depth': 3, 'min_child_weight': 6.0, 'learning_rate': 0.06803745254972353, 'num_leaves': 110, 'min_gain_to_split': 3.5406138444013595, 'subsample': 0.6776913015781619, 'colsample_bytree': 0.7853679985753733, 'colsample_bynode': 0.650946950612111, 'reg_lambda': 0.37537117175877516, 'reg_alpha': 40.0, 'bagging_freq': 1, 'force_col_wise': True, 'metric': 'rmse', 'verbose': -1}",316.5267282755746,LGB
22,"{'boosting': 'dart', 'objective': 'rmse', 'max_depth': 3, 'min_child_weight': 4.0, 'learning_rate': 0.05980315202960007, 'num_leaves': 160, 'min_gain_to_split': 3.7882939367244903, 'subsample': 0.7147890487303417, 'colsample_bytree': 0.8046965435828175, 'colsample_bynode': 0.7772885545362318, 'reg_lambda': 0.30105984215460874, 'reg_alpha': 45.0, 'bagging_freq': 1, 'force_col_wise': True, 'metric': 'rmse', 'verbose': -1}",315.45358571995905,LGB
23,"{'boosting': 'dart', 'objective': 'rmse', 'max_depth': 4, 'min_child_weight': 6.0, 'learning_rate': 0.049675721880106306, 'num_leaves': 50, 'min_gain_to_split': 1.3498460715218357, 'subsample': 0.7002740864016705, 'colsample_bytree': 0.8766746589900307, 'colsample_bynode': 0.6100494841583517, 'reg_lambda': 0.25744786650791257, 'reg_alpha': 3.0, 'bagging_freq': 1, 'force_col_wise': True, 'metric': 'rmse', 'verbose': -1}",308.1596928233286,LGB
24,"{'boosting': 'dart', 'objective': 'rmse', 'max_depth': 5, 'min_child_weight': 6.0, 'learning_rate': 0.0927374089608996, 'num_leaves': 20, 'min_gain_to_split': 2.9271485475996535, 'subsample': 0.6791625852266384, 'colsample_bytree': 0.8805777816879752, 'colsample_bynode': 0.5538014453182482, 'reg_lambda': 0.3468375378044035, 'reg_alpha': 7.0, 'bagging_freq': 1, 'force_col_wise': True, 'metric': 'rmse', 'verbose': -1}",314.56891334768244,LGB
25,"{'boosting': 'dart', 'objective': 'rmse', 'max_depth': 3, 'min_child_weight': 6.0, 'learning_rate': 0.027294319316187896, 'num_leaves': 120, 'min_gain_to_split': 1.8940913607019743, 'subsample': 0.776257731064078, 'colsample_bytree': 0.7947753389568291, 'colsample_bynode': 0.6247074326156011, 'reg_lambda': 0.12565375321360564, 'reg_alpha': 4.0, 'bagging_freq': 1, 'force_col_wise': True, 'metric': 'rmse', 'verbose': -1}",309.7402224598107,LGB
26,"{'boosting': 'dart', 'objective': 'rmse', 'max_depth': 3, 'min_child_weight': 6.0, 'learning_rate': 0.03915351564431921, 'num_leaves': 60, 'min_gain_to_split': 2.192240880134346, 'subsample': 0.6573633882869427, 'colsample_bytree': 0.8203404289161347, 'colsample_bynode': 0.5812835353495079, 'reg_lambda': 0.24785690042140135, 'reg_alpha': 0.0, 'bagging_freq': 1, 'force_col_wise': True, 'metric': 'rmse', 'verbose': -1}",311.11377362312015,LGB
27,"{'boosting': 'dart', 'objective': 'rmse', 'max_depth': 3, 'min_child_weight': 7.0, 'learning_rate': 0.05464809925959702, 'num_leaves': 80, 'min_gain_to_split': 2.2881254263688224, 'subsample': 0.6943763002673234, 'colsample_bytree': 0.8125377712327728, 'colsample_bynode': 0.58478476100797, 'reg_lambda': 0.352972684022037, 'reg_alpha': 16.0, 'bagging_freq': 1, 'force_col_wise': True, 'metric': 'rmse', 'verbose': -1}",310.94501778872586,LGB
28,"{'boosting': 'dart', 'objective': 'rmse', 'max_depth': 3, 'min_child_weight': 7.0, 'learning_rate': 0.08786533649356675, 'num_leaves': 40, 'min_gain_to_split': 2.077409879432018, 'subsample': 0.6801218542563705, 'colsample_bytree': 0.8919698999902141, 'colsample_bynode': 0.6186150045834244, 'reg_lambda': 0.25851006809234617, 'reg_alpha': 22.0, 'bagging_freq': 1, 'force_col_wise': True, 'metric': 'rmse', 'verbose': -1}",319.87658705647664,LGB
29,"{'boosting': 'dart', 'objective': 'rmse', 'max_depth': 5, 'min_child_weight': 5.0, 'learning_rate': 0.035378289223301856, 'num_leaves': 70, 'min_gain_to_split': 1.5514808331418506, 'subsample': 0.7189517441145353, 'colsample_bytree': 0.8187481388615918, 'colsample_bynode': 0.6574062943196339, 'reg_lambda': 0.2137656543753534, 'reg_alpha': 20.0, 'bagging_freq': 1, 'force_col_wise': True, 'metric': 'rmse', 'verbose': -1}",319.7205878562573,LGB
30,"{'boosting': 'dart', 'objective': 'rmse', 'max_depth': 3, 'min_child_weight': 5.0, 'learning_rate': 0.024946248716269413, 'num_leaves': 120, 'min_gain_to_split': 2.838093479348799, 'subsample': 0.7363617963307149, 'colsample_bytree': 0.8640430313399206, 'colsample_bynode': 0.6593746568703521, 'reg_lambda': 0.1391981906543366, 'reg_alpha': 1.0, 'bagging_freq': 1, 'force_col_wise': True, 'metric': 'rmse', 'verbose': -1}",311.67871267065954,LGB
31,"{'boosting': 'dart', 'objective': 'rmse', 'max_depth': 3, 'min_child_weight': 7.0, 'learning_rate': 0.0325922023814353, 'num_leaves': 60, 'min_gain_to_split': 1.2647638278067324, 'subsample': 0.7270868012089299, 'colsample_bytree': 0.8429246368906873, 'colsample_bynode': 0.5784580207861411, 'reg_lambda': 0.22402700212378368, 'reg_alpha': 14.0, 'bagging_freq': 1, 'force_col_wise': True, 'metric': 'rmse', 'verbose': -1}",307.10851264369217,LGB
32,"{'boosting': 'dart', 'objective': 'rmse', 'max_depth': 4, 'min_child_weight': 6.0, 'learning_rate': 0.05553996504674291, 'num_leaves': 60, 'min_gain_to_split': 1.046260916371442, 'subsample': 0.7364247422845889, 'colsample_bytree': 0.8370466086136297, 'colsample_bynode': 0.6308554892517364, 'reg_lambda': 0.14879921456487216, 'reg_alpha': 9.0, 'bagging_freq': 1, 'force_col_wise': True, 'metric': 'rmse', 'verbose': -1}",316.73592805494354,LGB
33,"{'boosting': 'dart', 'objective': 'rmse', 'max_depth': 3, 'min_child_weight': 8.0, 'learning_rate': 0.02090846725632067, 'num_leaves': 50, 'min_gain_to_split': 0.7489093430407229, 'subsample': 0.7033485478658048, 'colsample_bytree': 0.8352240023293172, 'colsample_bynode': 0.5868286570048673, 'reg_lambda': 0.27902201651966, 'reg_alpha': 17.0, 'bagging_freq': 1, 'force_col_wise': True, 'metric': 'rmse', 'verbose': -1}",320.4634311145357,LGB
34,"{'boosting': 'dart', 'objective': 'rmse', 'max_depth': 3, 'min_child_weight': 5.0, 'learning_rate': 0.04250106321716374, 'num_leaves': 90, 'min_gain_to_split': 1.6921890157832369, 'subsample': 0.7512173931963512, 'colsample_bytree': 0.7756546753813266, 'colsample_bynode': 0.5951684664193355, 'reg_lambda': 0.09485770588055094, 'reg_alpha': 20.0, 'bagging_freq': 1, 'force_col_wise': True, 'metric': 'rmse', 'verbose': -1}",310.87511341646155,LGB
35,"{'boosting': 'dart', 'objective': 'rmse', 'max_depth': 3, 'min_child_weight': 7.0, 'learning_rate': 0.06796650930035993, 'num_leaves': 70, 'min_gain_to_split': 1.0966326675722897, 'subsample': 0.670678453748479, 'colsample_bytree': 0.8568399724297865, 'colsample_bynode': 0.6449936503648204, 'reg_lambda': 0.18460015132780663, 'reg_alpha': 18.0, 'bagging_freq': 1, 'force_col_wise': True, 'metric': 'rmse', 'verbose': -1}",316.2115349946779,LGB
36,"{'boosting': 'dart', 'objective': 'rmse', 'max_depth': 4, 'min_child_weight': 6.0, 'learning_rate': 0.04329847022026909, 'num_leaves': 40, 'min_gain_to_split': 0.4506717439440031, 'subsample': 0.7284218742412937, 'colsample_bytree': 0.8749813227467725, 'colsample_bynode': 0.6264734283846347, 'reg_lambda': 0.28897642626776365, 'reg_alpha': 21.0, 'bagging_freq': 1, 'force_col_wise': True, 'metric': 'rmse', 'verbose': -1}",315.96725160934494,LGB
37,"{'boosting': 'dart', 'objective': 'rmse', 'max_depth': 3, 'min_child_weight': 7.0, 'learning_rate': 0.028653822138284865, 'num_leaves': 70, 'min_gain_to_split': 1.6718513945542512, 'subsample': 0.7609659517916932, 'colsample_bytree': 0.8053494043122796, 'colsample_bynode': 0.5494756789287004, 'reg_lambda': 0.26394495349334457, 'reg_alpha': 5.0, 'bagging_freq': 1, 'force_col_wise': True, 'metric': 'rmse', 'verbose': -1}",312.15323096069056,LGB
38,"{'boosting': 'gbdt', 'objective': 'rmse', 'max_depth': 3, 'min_child_weight': 7.0, 'learning_rate': 0.03280887166014955, 'num_leaves': 30, 'min_gain_to_split': 2.1538794018837097, 'subsample': 0.7159979053963295, 'colsample_bytree': 0.8304437565464302, 'colsample_bynode': 0.5907415539843659, 'reg_lambda': 0.2798539208584099, 'reg_alpha': 21.0, 'bagging_freq': 1, 'force_col_wise': True, 'metric': 'rmse', 'verbose': -1}",319.19200250679745,LGB
39,"{'boosting': 'dart', 'objective': 'rmse', 'max_depth': 3, 'min_child_weight': 7.0, 'learning_rate': 0.03855075205901817, 'num_leaves': 60, 'min_gain_to_split': 2.254113111953678, 'subsample': 0.7083252836630713, 'colsample_bytree': 0.8296462041698625, 'colsample_bynode': 0.6010881023583773, 'reg_lambda': 0.27924042790701237, 'reg_alpha': 7.0, 'bagging_freq': 1, 'force_col_wise': True, 'metric': 'rmse', 'verbose': -1}",303.8343855916633,LGB
40,"{'boosting': 'dart', 'objective': 'rmse', 'max_depth': 4, 'min_child_weight': 7.0, 'learning_rate': 0.03871927721201493, 'num_leaves': 80, 'min_gain_to_split': 3.2145840957400504, 'subsample': 0.7465205769013281, 'colsample_bytree': 0.8113744982758421, 'colsample_bynode': 0.6152853182692533, 'reg_lambda': 0.3602601243968456, 'reg_alpha': 10.0, 'bagging_freq': 1, 'force_col_wise': True, 'metric': 'rmse', 'verbose': -1}",308.98407435557965,LGB
41,"{'boosting': 'dart', 'objective': 'rmse', 'max_depth': 3, 'min_child_weight': 8.0, 'learning_rate': 0.04513044552410008, 'num_leaves': 40, 'min_gain_to_split': 1.2954639373170462, 'subsample': 0.7230000644832336, 'colsample_bytree': 0.8544354998915145, 'colsample_bynode': 0.6071051168463234, 'reg_lambda': 0.14887420395185194, 'reg_alpha': 5.0, 'bagging_freq': 1, 'force_col_wise': True, 'metric': 'rmse', 'verbose': -1}",308.79370000319494,LGB
42,"{'boosting': 'dart', 'objective': 'rmse', 'max_depth': 3, 'min_child_weight': 7.0, 'learning_rate': 0.04277823223734388, 'num_leaves': 50, 'min_gain_to_split': 1.7063145345978081, 'subsample': 0.6924113668256201, 'colsample_bytree': 0.8279436886313138, 'colsample_bynode': 0.5663155051216493, 'reg_lambda': 0.32520269777123745, 'reg_alpha': 12.0, 'bagging_freq': 1, 'force_col_wise': True, 'metric': 'rmse', 'verbose': -1}",306.50799885631244,LGB
43,"{'boosting': 'dart', 'objective': 'rmse', 'max_depth': 4, 'min_child_weight': 7.0, 'learning_rate': 0.04460973399283435, 'num_leaves': 50, 'min_gain_to_split': 1.5784148666389006, 'subsample': 0.6947296147932923, 'colsample_bytree': 0.8489662972332839, 'colsample_bynode': 0.5592529315918459, 'reg_lambda': 0.3405451268140688, 'reg_alpha': 21.0, 'bagging_freq': 1, 'force_col_wise': True, 'metric': 'rmse', 'verbose': -1}",314.54904090656197,LGB
44,"{'boosting': 'dart', 'objective': 'rmse', 'max_depth': 2, 'min_child_weight': 6.0, 'learning_rate': 0.036005643345502436, 'num_leaves': 80, 'min_gain_to_split': 1.633833850921561, 'subsample': 0.7560113605000918, 'colsample_bytree': 0.83404081922503, 'colsample_bynode': 0.5968518558228939, 'reg_lambda': 0.3092891743824614, 'reg_alpha': 22.0, 'bagging_freq': 1, 'force_col_wise': True, 'metric': 'rmse', 'verbose': -1}",311.11109138374417,LGB
45,"{'boosting': 'dart', 'objective': 'rmse', 'max_depth': 3, 'min_child_weight': 8.0, 'learning_rate': 0.04878908597793313, 'num_leaves': 70, 'min_gain_to_split': 1.5119191927094233, 'subsample': 0.6611592433869732, 'colsample_bytree': 0.8205120253982537, 'colsample_bynode': 0.588720857539658, 'reg_lambda': 0.3819964169379556, 'reg_alpha': 15.0, 'bagging_freq': 1, 'force_col_wise': True, 'metric': 'rmse', 'verbose': -1}",307.0813293099726,LGB
46,"{'boosting': 'dart', 'objective': 'rmse', 'max_depth': 3, 'min_child_weight': 7.0, 'learning_rate': 0.05623824769655213, 'num_leaves': 40, 'min_gain_to_split': 2.4809033488329617, 'subsample': 0.7129189777083654, 'colsample_bytree': 0.8398830524190971, 'colsample_bynode': 0.6111538295279944, 'reg_lambda': 0.3240244728202591, 'reg_alpha': 5.0, 'bagging_freq': 1, 'force_col_wise': True, 'metric': 'rmse', 'verbose': -1}",314.5803851701713,LGB
47,"{'boosting': 'gbdt', 'objective': 'rmse', 'max_depth': 4, 'min_child_weight': 7.0, 'learning_rate': 0.04997314430846219, 'num_leaves': 40, 'min_gain_to_split': 2.581976008357572, 'subsample': 0.6723371395271618, 'colsample_bytree': 0.8035122343530733, 'colsample_bynode': 0.5863467732829536, 'reg_lambda': 0.3919873140768525, 'reg_alpha': 4.0, 'bagging_freq': 1, 'force_col_wise': True, 'metric': 'rmse', 'verbose': -1}",333.83820477517236,LGB
48,"{'boosting': 'dart', 'objective': 'rmse', 'max_depth': 2, 'min_child_weight': 7.0, 'learning_rate': 0.057973215457268155, 'num_leaves': 30, 'min_gain_to_split': 1.389509800823101, 'subsample': 0.6876189241381057, 'colsample_bytree': 0.8121680662347627, 'colsample_bynode': 0.5411889139762271, 'reg_lambda': 0.34400124711146596, 'reg_alpha': 16.0, 'bagging_freq': 1, 'force_col_wise': True, 'metric': 'rmse', 'verbose': -1}",318.8265009399996,LGB
49,"{'boosting': 'dart', 'objective': 'rmse', 'max_depth': 3, 'min_child_weight': 8.0, 'learning_rate': 0.05405659756775336, 'num_leaves': 30, 'min_gain_to_split': 1.6765526346611712, 'subsample': 0.6635714092032502, 'colsample_bytree': 0.8166902979810318, 'colsample_bynode': 0.5690651363885039, 'reg_lambda': 0.2879385166204081, 'reg_alpha': 8.0, 'bagging_freq': 1, 'force_col_wise': True, 'metric': 'rmse', 'verbose': -1}",311.1827254126259,LGB
50,"{'boosting': 'dart', 'objective': 'rmse', 'max_depth': 3, 'min_child_weight': 6.0, 'learning_rate': 0.034858817037830656, 'num_leaves': 60, 'min_gain_to_split': 1.11216817613378, 'subsample': 0.7068749292509742, 'colsample_bytree': 0.8246180550530703, 'colsample_bynode': 0.5702693487859002, 'reg_lambda': 0.21287166017917306, 'reg_alpha': 8.0, 'bagging_freq': 1, 'force_col_wise': True, 'metric': 'rmse', 'verbose': -1}",306.0862361363171,LGB
51,"{'boosting': 'dart', 'objective': 'rmse', 'max_depth': 3, 'min_child_weight': 6.0, 'learning_rate': 0.0327311085541352, 'num_leaves': 50, 'min_gain_to_split': 1.563127678292247, 'subsample': 0.7253001022780906, 'colsample_bytree': 0.8377097763027617, 'colsample_bynode': 0.5386491437836914, 'reg_lambda': 0.13782170840994318, 'reg_alpha': 2.0, 'bagging_freq': 1, 'force_col_wise': True, 'metric': 'rmse', 'verbose': -1}",308.72813646126116,LGB
52,"{'boosting': 'dart', 'objective': 'rmse', 'max_depth': 3, 'min_child_weight': 6.0, 'learning_rate': 0.03824856775521354, 'num_leaves': 50, 'min_gain_to_split': 2.360531837975932, 'subsample': 0.739505930435054, 'colsample_bytree': 0.8258753224883439, 'colsample_bynode': 0.5893624793465111, 'reg_lambda': 0.23145717203627988, 'reg_alpha': 2.0, 'bagging_freq': 1, 'force_col_wise': True, 'metric': 'rmse', 'verbose': -1}",310.3727108476686,LGB
53,"{'boosting': 'dart', 'objective': 'rmse', 'max_depth': 4, 'min_child_weight': 7.0, 'learning_rate': 0.03184189550441032, 'num_leaves': 80, 'min_gain_to_split': 1.7191706683656531, 'subsample': 0.7401340030411278, 'colsample_bytree': 0.8676168826884545, 'colsample_bynode': 0.6031344979301626, 'reg_lambda': 0.14610260298801542, 'reg_alpha': 12.0, 'bagging_freq': 1, 'force_col_wise': True, 'metric': 'rmse', 'verbose': -1}",311.22841205960435,LGB
54,"{'boosting': 'dart', 'objective': 'rmse', 'max_depth': 2, 'min_child_weight': 7.0, 'learning_rate': 0.03152096635564273, 'num_leaves': 60, 'min_gain_to_split': 2.4234526757610104, 'subsample': 0.7089483853920419, 'colsample_bytree': 0.8250772518849379, 'colsample_bynode': 0.586229417870858, 'reg_lambda': 0.2454831229068145, 'reg_alpha': 10.0, 'bagging_freq': 1, 'force_col_wise': True, 'metric': 'rmse', 'verbose': -1}",307.5960381892181,LGB
55,"{'boosting': 'dart', 'objective': 'rmse', 'max_depth': 3, 'min_child_weight': 7.0, 'learning_rate': 0.03242302375454045, 'num_leaves': 40, 'min_gain_to_split': 2.242988750292503, 'subsample': 0.7356453458141728, 'colsample_bytree': 0.8033795880143375, 'colsample_bynode': 0.5962210464095986, 'reg_lambda': 0.31421163162065546, 'reg_alpha': 14.0, 'bagging_freq': 1, 'force_col_wise': True, 'metric': 'rmse', 'verbose': -1}",310.9931853070833,LGB
56,"{'boosting': 'dart', 'objective': 'rmse', 'max_depth': 3, 'min_child_weight': 6.0, 'learning_rate': 0.027677066807055006, 'num_leaves': 80, 'min_gain_to_split': 0.6380072696788781, 'subsample': 0.6767960905727344, 'colsample_bytree': 0.8080061906475109, 'colsample_bynode': 0.6004075414262235, 'reg_lambda': 0.18547554491445473, 'reg_alpha': 10.0, 'bagging_freq': 1, 'force_col_wise': True, 'metric': 'rmse', 'verbose': -1}",310.97866189018924,LGB
57,"{'boosting': 'dart', 'objective': 'rmse', 'max_depth': 4, 'min_child_weight': 7.0, 'learning_rate': 0.05357114523377668, 'num_leaves': 60, 'min_gain_to_split': 1.9456606368916227, 'subsample': 0.6952242809850605, 'colsample_bytree': 0.8160694764694315, 'colsample_bynode': 0.5882049110876961, 'reg_lambda': 0.2819172500099411, 'reg_alpha': 10.0, 'bagging_freq': 1, 'force_col_wise': True, 'metric': 'rmse', 'verbose': -1}",308.3851182185904,LGB
58,"{'boosting': 'gbdt', 'objective': 'rmse', 'max_depth': 3, 'min_child_weight': 8.0, 'learning_rate': 0.062230733861733244, 'num_leaves': 80, 'min_gain_to_split': 2.1585632579710223, 'subsample': 0.6626003777912333, 'colsample_bytree': 0.8203204687218223, 'colsample_bynode': 0.5998240314226888, 'reg_lambda': 0.390041706053692, 'reg_alpha': 17.0, 'bagging_freq': 1, 'force_col_wise': True, 'metric': 'rmse', 'verbose': -1}",335.0480046816412,LGB
59,"{'boosting': 'dart', 'objective': 'rmse', 'max_depth': 3, 'min_child_weight': 7.0, 'learning_rate': 0.03969436433845047, 'num_leaves': 50, 'min_gain_to_split': 2.533084354978632, 'subsample': 0.7106967667335065, 'colsample_bytree': 0.8544543460155206, 'colsample_bynode': 0.6035530097717445, 'reg_lambda': 0.28958770227236497, 'reg_alpha': 3.0, 'bagging_freq': 1, 'force_col_wise': True, 'metric': 'rmse', 'verbose': -1}",302.164147701613,LGB
60,"{'boosting': 'dart', 'objective': 'rmse', 'max_depth': 3, 'min_child_weight': 7.0, 'learning_rate': 0.03405038038242715, 'num_leaves': 40, 'min_gain_to_split': 2.677588886077819, 'subsample': 0.7343405964140867, 'colsample_bytree': 0.8318867498854045, 'colsample_bynode': 0.575053000447859, 'reg_lambda': 0.33896613702281025, 'reg_alpha': 7.0, 'bagging_freq': 1, 'force_col_wise': True, 'metric': 'rmse', 'verbose': -1}",310.8717139952788,LGB
61,"{'boosting': 'dart', 'objective': 'rmse', 'max_depth': 3, 'min_child_weight': 6.0, 'learning_rate': 0.033793378314210656, 'num_leaves': 40, 'min_gain_to_split': 0.8698696862395985, 'subsample': 0.726504578594559, 'colsample_bytree': 0.8292416841304372, 'colsample_bynode': 0.5605645030452461, 'reg_lambda': 0.2344711936783174, 'reg_alpha': 13.0, 'bagging_freq': 1, 'force_col_wise': True, 'metric': 'rmse', 'verbose': -1}",305.9235265313912,LGB
62,"{'boosting': 'dart', 'objective': 'rmse', 'max_depth': 3, 'min_child_weight': 6.0, 'learning_rate': 0.02673948859303876, 'num_leaves': 50, 'min_gain_to_split': 1.6903296024950167, 'subsample': 0.7218870061920059, 'colsample_bytree': 0.8008713875111949, 'colsample_bynode': 0.5694486594432843, 'reg_lambda': 0.2200433785352366, 'reg_alpha': 15.0, 'bagging_freq': 1, 'force_col_wise': True, 'metric': 'rmse', 'verbose': -1}",308.05493879167307,LGB
63,"{'boosting': 'dart', 'objective': 'rmse', 'max_depth': 4, 'min_child_weight': 7.0, 'learning_rate': 0.042384623813297904, 'num_leaves': 50, 'min_gain_to_split': 2.4489935011768447, 'subsample': 0.7115456958128847, 'colsample_bytree': 0.8572050875785947, 'colsample_bynode': 0.6077123395921599, 'reg_lambda': 0.31971700094655325, 'reg_alpha': 11.0, 'bagging_freq': 1, 'force_col_wise': True, 'metric': 'rmse', 'verbose': -1}",313.2131964629448,LGB
64,"{'boosting': 'dart', 'objective': 'rmse', 'max_depth': 3, 'min_child_weight': 7.0, 'learning_rate': 0.03680849212874346, 'num_leaves': 40, 'min_gain_to_split': 2.213445774070548, 'subsample': 0.7314450446056378, 'colsample_bytree': 0.8647466766792465, 'colsample_bynode': 0.6265911290046764, 'reg_lambda': 0.326401189511384, 'reg_alpha': 13.0, 'bagging_freq': 1, 'force_col_wise': True, 'metric': 'rmse', 'verbose': -1}",314.93218238951863,LGB
65,"{'boosting': 'dart', 'objective': 'rmse', 'max_depth': 3, 'min_child_weight': 6.0, 'learning_rate': 0.038153383956355286, 'num_leaves': 60, 'min_gain_to_split': 2.0559126566618526, 'subsample': 0.6978080074136181, 'colsample_bytree': 0.8287029912144962, 'colsample_bynode': 0.6091146691162291, 'reg_lambda': 0.3437228878789456, 'reg_alpha': 5.0, 'bagging_freq': 1, 'force_col_wise': True, 'metric': 'rmse', 'verbose': -1}",306.7619695502181,LGB
66,"{'boosting': 'dart', 'objective': 'rmse', 'max_depth': 3, 'min_child_weight': 7.0, 'learning_rate': 0.041316841304366574, 'num_leaves': 40, 'min_gain_to_split': 3.1126802880979856, 'subsample': 0.7036104095994443, 'colsample_bytree': 0.8804089230710831, 'colsample_bynode': 0.580524892065974, 'reg_lambda': 0.30588432558321277, 'reg_alpha': 5.0, 'bagging_freq': 1, 'force_col_wise': True, 'metric': 'rmse', 'verbose': -1}",310.6329155388969,LGB
67,"{'boosting': 'dart', 'objective': 'rmse', 'max_depth': 3, 'min_child_weight': 7.0, 'learning_rate': 0.03169294448806406, 'num_leaves': 50, 'min_gain_to_split': 2.687029363472368, 'subsample': 0.6999877397136564, 'colsample_bytree': 0.8494532302025372, 'colsample_bynode': 0.6214020637147939, 'reg_lambda': 0.2739588054323594, 'reg_alpha': 8.0, 'bagging_freq': 1, 'force_col_wise': True, 'metric': 'rmse', 'verbose': -1}",310.0499440128172,LGB
68,"{'boosting': 'dart', 'objective': 'rmse', 'max_depth': 3, 'min_child_weight': 7.0, 'learning_rate': 0.04240025192865655, 'num_leaves': 60, 'min_gain_to_split': 2.0483195409754624, 'subsample': 0.6846147271847781, 'colsample_bytree': 0.8522692442630083, 'colsample_bynode': 0.6118509808986247, 'reg_lambda': 0.3416481555471248, 'reg_alpha': 12.0, 'bagging_freq': 1, 'force_col_wise': True, 'metric': 'rmse', 'verbose': -1}",312.5795852824791,LGB
69,"{'boosting': 'dart', 'objective': 'rmse', 'max_depth': 4, 'min_child_weight': 7.0, 'learning_rate': 0.04085141139928024, 'num_leaves': 60, 'min_gain_to_split': 2.8377801923074486, 'subsample': 0.6954178981567762, 'colsample_bytree': 0.8574101154410773, 'colsample_bynode': 0.6206228366609088, 'reg_lambda': 0.25489550463300004, 'reg_alpha': 11.0, 'bagging_freq': 1, 'force_col_wise': True, 'metric': 'rmse', 'verbose': -1}",314.61174726311515,LGB
70,"{'boosting': 'dart', 'objective': 'rmse', 'max_depth': 3, 'min_child_weight': 7.0, 'learning_rate': 0.04204640693374128, 'num_leaves': 40, 'min_gain_to_split': 2.2868890797691095, 'subsample': 0.6776706411661638, 'colsample_bytree': 0.8257825265147808, 'colsample_bynode': 0.5702029237392955, 'reg_lambda': 0.299743744155409, 'reg_alpha': 14.0, 'bagging_freq': 1, 'force_col_wise': True, 'metric': 'rmse', 'verbose': -1}",304.2903643988541,LGB
71,"{'boosting': 'dart', 'objective': 'rmse', 'max_depth': 3, 'min_child_weight': 6.0, 'learning_rate': 0.04577165443738775, 'num_leaves': 60, 'min_gain_to_split': 0.6314199180361219, 'subsample': 0.6988836560550765, 'colsample_bytree': 0.8110932902331608, 'colsample_bynode': 0.582293759499262, 'reg_lambda': 0.16363146799922873, 'reg_alpha': 2.0, 'bagging_freq': 1, 'force_col_wise': True, 'metric': 'rmse', 'verbose': -1}",307.92197554608106,LGB
72,"{'boosting': 'dart', 'objective': 'rmse', 'max_depth': 3, 'min_child_weight': 7.0, 'learning_rate': 0.030286649137209336, 'num_leaves': 40, 'min_gain_to_split': 2.216404566031138, 'subsample': 0.6937593863742688, 'colsample_bytree': 0.8423228834542154, 'colsample_bynode': 0.5797775144008599, 'reg_lambda': 0.22999095484075632, 'reg_alpha': 7.0, 'bagging_freq': 1, 'force_col_wise': True, 'metric': 'rmse', 'verbose': -1}",309.8741643777521,LGB
73,"{'boosting': 'dart', 'objective': 'rmse', 'max_depth': 3, 'min_child_weight': 7.0, 'learning_rate': 0.05236738109146757, 'num_leaves': 50, 'min_gain_to_split': 2.7025999658437523, 'subsample': 0.6783426016960349, 'colsample_bytree': 0.8272596210307507, 'colsample_bynode': 0.5578371678012823, 'reg_lambda': 0.32463400588033164, 'reg_alpha': 20.0, 'bagging_freq': 1, 'force_col_wise': True, 'metric': 'rmse', 'verbose': -1}",313.945610654988,LGB
74,"{'boosting': 'dart', 'objective': 'rmse', 'max_depth': 3, 'min_child_weight': 7.0, 'learning_rate': 0.03906560558285821, 'num_leaves': 70, 'min_gain_to_split': 2.8287057774599336, 'subsample': 0.6920352963249027, 'colsample_bytree': 0.8481826141932598, 'colsample_bynode': 0.584197356484223, 'reg_lambda': 0.29511297797301755, 'reg_alpha': 9.0, 'bagging_freq': 1, 'force_col_wise': True, 'metric': 'rmse', 'verbose': -1}",307.27028911238847,LGB
75,"{'boosting': 'dart', 'objective': 'rmse', 'max_depth': 3, 'min_child_weight': 7.0, 'learning_rate': 0.04667775623415922, 'num_leaves': 60, 'min_gain_to_split': 2.772249131805826, 'subsample': 0.7317017049532044, 'colsample_bytree': 0.8245683938222984, 'colsample_bynode': 0.6214124279520992, 'reg_lambda': 0.2503349202079609, 'reg_alpha': 3.0, 'bagging_freq': 1, 'force_col_wise': True, 'metric': 'rmse', 'verbose': -1}",312.7784705747177,LGB
76,"{'boosting': 'dart', 'objective': 'rmse', 'max_depth': 3, 'min_child_weight': 7.0, 'learning_rate': 0.04078000364017727, 'num_leaves': 60, 'min_gain_to_split': 2.1540167337843945, 'subsample': 0.6982028945297025, 'colsample_bytree': 0.8432589534734677, 'colsample_bynode': 0.6094323440775867, 'reg_lambda': 0.23861433775465618, 'reg_alpha': 7.0, 'bagging_freq': 1, 'force_col_wise': True, 'metric': 'rmse', 'verbose': -1}",312.4576684568547,LGB
77,"{'boosting': 'dart', 'objective': 'rmse', 'max_depth': 3, 'min_child_weight': 7.0, 'learning_rate': 0.04607625435382113, 'num_leaves': 50, 'min_gain_to_split': 2.1202955637190732, 'subsample': 0.6894579008628601, 'colsample_bytree': 0.8112466781538662, 'colsample_bynode': 0.6019047145218396, 'reg_lambda': 0.27612173807020823, 'reg_alpha': 4.0, 'bagging_freq': 1, 'force_col_wise': True, 'metric': 'rmse', 'verbose': -1}",306.1433497620367,LGB
78,"{'boosting': 'dart', 'objective': 'rmse', 'max_depth': 3, 'min_child_weight': 7.0, 'learning_rate': 0.04981703305014939, 'num_leaves': 60, 'min_gain_to_split': 2.677643607962226, 'subsample': 0.6993680543771802, 'colsample_bytree': 0.8186937015880901, 'colsample_bynode': 0.5965840156696783, 'reg_lambda': 0.2803884618954277, 'reg_alpha': 3.0, 'bagging_freq': 1, 'force_col_wise': True, 'metric': 'rmse', 'verbose': -1}",307.58514432124906,LGB
79,"{'boosting': 'dart', 'objective': 'rmse', 'max_depth': 3, 'min_child_weight': 6.0, 'learning_rate': 0.02962150178437391, 'num_leaves': 50, 'min_gain_to_split': 0.6068335216233461, 'subsample': 0.709694676647337, 'colsample_bytree': 0.8146621686673522, 'colsample_bynode': 0.5797840091510954, 'reg_lambda': 0.21492143906275282, 'reg_alpha': 13.0, 'bagging_freq': 1, 'force_col_wise': True, 'metric': 'rmse', 'verbose': -1}",309.4492595939477,LGB
80,"{'boosting': 'dart', 'objective': 'rmse', 'max_depth': 3, 'min_child_weight': 7.0, 'learning_rate': 0.04072701686747095, 'num_leaves': 40, 'min_gain_to_split': 2.94367691066932, 'subsample': 0.7242626954646086, 'colsample_bytree': 0.8406307823639747, 'colsample_bynode': 0.583758008332742, 'reg_lambda': 0.24012818845209005, 'reg_alpha': 9.0, 'bagging_freq': 1, 'force_col_wise': True, 'metric': 'rmse', 'verbose': -1}",310.2864344471509,LGB
81,"{'boosting': 'dart', 'objective': 'rmse', 'max_depth': 3, 'min_child_weight': 7.0, 'learning_rate': 0.03430469677897761, 'num_leaves': 50, 'min_gain_to_split': 2.341455682794429, 'subsample': 0.6965898308873852, 'colsample_bytree': 0.8474679152911968, 'colsample_bynode': 0.6033551189579797, 'reg_lambda': 0.2988616308288855, 'reg_alpha': 5.0, 'bagging_freq': 1, 'force_col_wise': True, 'metric': 'rmse', 'verbose': -1}",310.75267389695614,LGB
82,"{'boosting': 'dart', 'objective': 'rmse', 'max_depth': 3, 'min_child_weight': 7.0, 'learning_rate': 0.03432865081032034, 'num_leaves': 40, 'min_gain_to_split': 2.6757167398623847, 'subsample': 0.6932835335012704, 'colsample_bytree': 0.8631938068573882, 'colsample_bynode': 0.5914048112424125, 'reg_lambda': 0.29573393346553933, 'reg_alpha': 2.0, 'bagging_freq': 1, 'force_col_wise': True, 'metric': 'rmse', 'verbose': -1}",306.736594587014,LGB
83,"{'boosting': 'dart', 'objective': 'rmse', 'max_depth': 3, 'min_child_weight': 7.0, 'learning_rate': 0.04170630663778808, 'num_leaves': 70, 'min_gain_to_split': 2.5892063243059993, 'subsample': 0.7091224136922474, 'colsample_bytree': 0.8470453997574859, 'colsample_bynode': 0.6209314982422411, 'reg_lambda': 0.27064492588715766, 'reg_alpha': 5.0, 'bagging_freq': 1, 'force_col_wise': True, 'metric': 'rmse', 'verbose': -1}",306.3285636680287,LGB
84,"{'boosting': 'dart', 'objective': 'rmse', 'max_depth': 3, 'min_child_weight': 7.0, 'learning_rate': 0.032001012788062874, 'num_leaves': 60, 'min_gain_to_split': 2.951324576034418, 'subsample': 0.7183537674704525, 'colsample_bytree': 0.8737946581562538, 'colsample_bynode': 0.6084334108243241, 'reg_lambda': 0.32284619934319714, 'reg_alpha': 6.0, 'bagging_freq': 1, 'force_col_wise': True, 'metric': 'rmse', 'verbose': -1}",310.2490457105675,LGB
85,"{'boosting': 'dart', 'objective': 'rmse', 'max_depth': 3, 'min_child_weight': 6.0, 'learning_rate': 0.03520152545576179, 'num_leaves': 50, 'min_gain_to_split': 1.0381138880029315, 'subsample': 0.7104714604210831, 'colsample_bytree': 0.8159462571622869, 'colsample_bynode': 0.539676757887483, 'reg_lambda': 0.2101599395911766, 'reg_alpha': 12.0, 'bagging_freq': 1, 'force_col_wise': True, 'metric': 'rmse', 'verbose': -1}",307.05855687047847,LGB
86,"{'boosting': 'dart', 'objective': 'rmse', 'max_depth': 3, 'min_child_weight': 7.0, 'learning_rate': 0.030573220648624132, 'num_leaves': 50, 'min_gain_to_split': 2.163560756526151, 'subsample': 0.6887147405314865, 'colsample_bytree': 0.8428677523747687, 'colsample_bynode': 0.6142072702164547, 'reg_lambda': 0.24720428300415823, 'reg_alpha': 7.0, 'bagging_freq': 1, 'force_col_wise': True, 'metric': 'rmse', 'verbose': -1}",310.80626761170066,LGB
87,"{'boosting': 'gbdt', 'objective': 'rmse', 'max_depth': 3, 'min_child_weight': 7.0, 'learning_rate': 0.030637109570454776, 'num_leaves': 60, 'min_gain_to_split': 2.202148191012696, 'subsample': 0.7222114507639518, 'colsample_bytree': 0.8393408460275075, 'colsample_bynode': 0.5984347770027854, 'reg_lambda': 0.32634968786181767, 'reg_alpha': 9.0, 'bagging_freq': 1, 'force_col_wise': True, 'metric': 'rmse', 'verbose': -1}",317.23334325835964,LGB
88,"{'boosting': 'dart', 'objective': 'rmse', 'max_depth': 3, 'min_child_weight': 7.0, 'learning_rate': 0.04259660791417005, 'num_leaves': 60, 'min_gain_to_split': 2.4056302735302886, 'subsample': 0.6921512664448766, 'colsample_bytree': 0.8355841341887696, 'colsample_bynode': 0.6230454934123921, 'reg_lambda': 0.3008719511892204, 'reg_alpha': 2.0, 'bagging_freq': 1, 'force_col_wise': True, 'metric': 'rmse', 'verbose': -1}",314.1480447184133,LGB
89,"{'boosting': 'dart', 'objective': 'rmse', 'max_depth': 3, 'min_child_weight': 7.0, 'learning_rate': 0.03392351838672217, 'num_leaves': 60, 'min_gain_to_split': 1.8216230028840261, 'subsample': 0.7074306044668099, 'colsample_bytree': 0.8459766954276046, 'colsample_bynode': 0.6153596065479829, 'reg_lambda': 0.2502213620818432, 'reg_alpha': 3.0, 'bagging_freq': 1, 'force_col_wise': True, 'metric': 'rmse', 'verbose': -1}",307.19167822448526,LGB
90,"{'boosting': 'dart', 'objective': 'rmse', 'max_depth': 3, 'min_child_weight': 7.0, 'learning_rate': 0.04893507223902314, 'num_leaves': 60, 'min_gain_to_split': 2.520975728406052, 'subsample': 0.7155545809638156, 'colsample_bytree': 0.862840076121045, 'colsample_bynode': 0.6081560917400292, 'reg_lambda': 0.3139830791649073, 'reg_alpha': 9.0, 'bagging_freq': 1, 'force_col_wise': True, 'metric': 'rmse', 'verbose': -1}",309.6854364309071,LGB
91,"{'boosting': 'dart', 'objective': 'rmse', 'max_depth': 3, 'min_child_weight': 7.0, 'learning_rate': 0.0465926202030184, 'num_leaves': 60, 'min_gain_to_split': 2.4307310935556394, 'subsample': 0.7290905377682166, 'colsample_bytree': 0.8505068943020665, 'colsample_bynode': 0.6079600362887553, 'reg_lambda': 0.30446614500807423, 'reg_alpha': 4.0, 'bagging_freq': 1, 'force_col_wise': True, 'metric': 'rmse', 'verbose': -1}",314.7346253294279,LGB
92,"{'boosting': 'dart', 'objective': 'rmse', 'max_depth': 3, 'min_child_weight': 6.0, 'learning_rate': 0.03205369920007002, 'num_leaves': 50, 'min_gain_to_split': 0.6592347969254229, 'subsample': 0.738851995364016, 'colsample_bytree': 0.816848820839609, 'colsample_bynode': 0.5626931704226691, 'reg_lambda': 0.22897032230900147, 'reg_alpha': 14.0, 'bagging_freq': 1, 'force_col_wise': True, 'metric': 'rmse', 'verbose': -1}",308.99486306490456,LGB
93,"{'boosting': 'dart', 'objective': 'rmse', 'max_depth': 3, 'min_child_weight': 7.0, 'learning_rate': 0.034440561841273205, 'num_leaves': 50, 'min_gain_to_split': 1.9532682882104089, 'subsample': 0.7096570577313579, 'colsample_bytree': 0.8276683711855861, 'colsample_bynode': 0.5970920619622918, 'reg_lambda': 0.30003694502138634, 'reg_alpha': 3.0, 'bagging_freq': 1, 'force_col_wise': True, 'metric': 'rmse', 'verbose': -1}",304.66053928084256,LGB
94,"{'boosting': 'dart', 'objective': 'rmse', 'max_depth': 3, 'min_child_weight': 7.0, 'learning_rate': 0.03958935410394793, 'num_leaves': 60, 'min_gain_to_split': 2.02062502044562, 'subsample': 0.716377518977386, 'colsample_bytree': 0.8375774759714526, 'colsample_bynode': 0.6048478696895894, 'reg_lambda': 0.24958309474239232, 'reg_alpha': 4.0, 'bagging_freq': 1, 'force_col_wise': True, 'metric': 'rmse', 'verbose': -1}",307.83275410359374,LGB
95,"{'boosting': 'dart', 'objective': 'rmse', 'max_depth': 3, 'min_child_weight': 7.0, 'learning_rate': 0.04208591594114003, 'num_leaves': 40, 'min_gain_to_split': 2.428093430246842, 'subsample': 0.6937810462576957, 'colsample_bytree': 0.8516251924139716, 'colsample_bynode': 0.6155415119960959, 'reg_lambda': 0.27940715627386165, 'reg_alpha': 4.0, 'bagging_freq': 1, 'force_col_wise': True, 'metric': 'rmse', 'verbose': -1}",311.2204964827014,LGB
96,"{'boosting': 'dart', 'objective': 'rmse', 'max_depth': 3, 'min_child_weight': 7.0, 'learning_rate': 0.04149806272704075, 'num_leaves': 40, 'min_gain_to_split': 2.337868897500495, 'subsample': 0.6941769468808567, 'colsample_bytree': 0.8447580880993871, 'colsample_bynode': 0.5856180230622018, 'reg_lambda': 0.31393244876367377, 'reg_alpha': 5.0, 'bagging_freq': 1, 'force_col_wise': True, 'metric': 'rmse', 'verbose': -1}",311.62928419258947,LGB
97,"{'boosting': 'dart', 'objective': 'rmse', 'max_depth': 3, 'min_child_weight': 7.0, 'learning_rate': 0.035377943801767314, 'num_leaves': 60, 'min_gain_to_split': 2.406323164940091, 'subsample': 0.7027027237373644, 'colsample_bytree': 0.8255010846327994, 'colsample_bynode': 0.5801554927537087, 'reg_lambda': 0.3336734214312108, 'reg_alpha': 6.0, 'bagging_freq': 1, 'force_col_wise': True, 'metric': 'rmse', 'verbose': -1}",309.6098371655331,LGB
98,"{'boosting': 'gbdt', 'objective': 'rmse', 'max_depth': 3, 'min_child_weight': 7.0, 'learning_rate': 0.046833602591040226, 'num_leaves': 40, 'min_gain_to_split': 2.110714420974444, 'subsample': 0.7264762763833271, 'colsample_bytree': 0.8646116320071533, 'colsample_bynode': 0.6030163094398231, 'reg_lambda': 0.2567749851901835, 'reg_alpha': 3.0, 'bagging_freq': 1, 'force_col_wise': True, 'metric': 'rmse', 'verbose': -1}",326.9637925879531,LGB
99,"{'boosting': 'dart', 'objective': 'rmse', 'max_depth': 3, 'min_child_weight': 6.0, 'learning_rate': 0.03716654991790504, 'num_leaves': 50, 'min_gain_to_split': 0.8350848704033407, 'subsample': 0.7006669284259828, 'colsample_bytree': 0.8364129415213699, 'colsample_bynode': 0.583479698118197, 'reg_lambda': 0.23602741426214757, 'reg_alpha': 7.0, 'bagging_freq': 1, 'force_col_wise': True, 'metric': 'rmse', 'verbose': -1}",308.37574591281896,LGB
